<?xml version="1.0" encoding="UTF-8"?>
<granPremio>
    <nombre>Gran Premio de Mónaco</nombre>
    <año>2023</año>
    <fecha>2023-05-28</fecha>
    <circuito>
        <nombre>Circuito de Mónaco</nombre>
        <ubicacion>Montecarlo, Mónaco</ubicacion>
        <longitud>3.337 km</longitud>
        <vueltas>78</vueltas>
        <distanciaTotal>260.286 km</distanciaTotal>
        <recordVuelta>1:12.909 (Lewis Hamilton, 2021)</recordVuelta>
    </circuito>
    
    <clasificacion>
        <piloto>
            <posicion>1</posicion>
            <nombre>Max Verstappen</nombre>
            <equipo>Red Bull Racing</equipo>
            <tiempo>1:11.365</tiempo>
        </piloto>
        <piloto>
            <posicion>2</posicion>
            <nombre>Fernando Alonso</nombre>
            <equipo>Aston Martin</equipo>
            <tiempo>1:11.449</tiempo>
        </piloto>
        <piloto>
            <posicion>3</posicion>
            <nombre>Esteban Ocon</nombre>
            <equipo>Alpine</equipo>
            <tiempo>1:11.553</tiempo>
        </piloto>
        <piloto>
            <posicion>4</posicion>
            <nombre>Carlos Sainz</nombre>
            <equipo>Ferrari</equipo>
            <tiempo>1:11.630</tiempo>
        </piloto>
        <piloto>
            <posicion>5</posicion>
            <nombre>Lewis Hamilton</nombre>
            <equipo>Mercedes</equipo>
            <tiempo>1:11.725</tiempo>
        </piloto>
    </clasificacion>
    
    <carrera>
        <resultado>
            <posicion>1</posicion>
            <nombre>Max Verstappen</nombre>
            <equipo>Red Bull Racing</equipo>
            <vueltas>78</vueltas>
            <tiempo>1:48:51.980</tiempo>
            <puntos>25</puntos>
        </resultado>
        <resultado>
            <posicion>2</posicion>
            <nombre>Fernando Alonso</nombre>
            <equipo>Aston Martin</equipo>
            <vueltas>78</vueltas>
            <tiempo>+27.921</tiempo>
            <puntos>18</puntos>
        </resultado>
        <resultado>
            <posicion>3</posicion>
            <nombre>Esteban Ocon</nombre>
            <equipo>Alpine</equipo>
            <vueltas>78</vueltas>
            <tiempo>+36.990</tiempo>
            <puntos>15</puntos>
        </resultado>
        <resultado>
            <posicion>4</posicion>
            <nombre>Lewis Hamilton</nombre>
            <equipo>Mercedes</equipo>
            <vueltas>78</vueltas>
            <tiempo>+39.062</tiempo>
            <puntos>12</puntos>
        </resultado>
        <resultado>
            <posicion>5</posicion>
            <nombre>George Russell</nombre>
            <equipo>Mercedes</equipo>
            <vueltas>78</vueltas>
            <tiempo>+56.284</tiempo>
            <puntos>10</puntos>
        </resultado>
    </carrera>
    
    <vueltaRapida>
        <piloto>Lewis Hamilton</piloto>
        <equipo>Mercedes</equipo>
        <tiempo>1:15.650</tiempo>
        <vuelta>33</vuelta>
    </vueltaRapida>
    
    <abandonos>
        <abandono>
            <piloto>Charles Leclerc</piloto>
            <equipo>Ferrari</equipo>
            <vuelta>53</vuelta>
            <causa>Daños por colisión</causa>
        </abandono>
        <abandono>
            <piloto>Nyck de Vries</piloto>
            <equipo>AlphaTauri</equipo>
            <vuelta>41</vuelta>
            <causa>Problemas mecánicos</causa>
        </abandono>
    </abandonos>
    
    <clasificacionMundialPilotos>
        <piloto>
            <posicion>1</posicion>
            <nombre>Max Verstappen</nombre>
            <puntos>144</puntos>
            <equipo>Red Bull Racing</equipo>
        </piloto>
        <piloto>
            <posicion>2</posicion>
            <nombre>Sergio Pérez</nombre>
            <puntos>105</puntos>
            <equipo>Red Bull Racing</equipo>
        </piloto>
        <piloto>
            <posicion>3</posicion>
            <nombre>Fernando Alonso</nombre>
            <puntos>93</puntos>
            <equipo>Aston Martin</equipo>
        </piloto>
    </clasificacionMundialPilotos>
    
    <clasificacionMundialConstructores>
        <equipo>
            <posicion>1</posicion>
            <nombre>Red Bull Racing</nombre>
            <puntos>249</puntos>
        </equipo>
        <equipo>
            <posicion>2</posicion>
            <nombre>Aston Martin</nombre>
            <puntos>120</puntos>
        </equipo>
        <equipo>
            <posicion>3</posicion>
            <nombre>Mercedes</nombre>
            <puntos>119</puntos>
        </equipo>
    </clasificacionMundialConstructores>
    
    <clima>
        <temperaturaAmbiente>24°C</temperaturaAmbiente>
        <temperaturaPista>42°C</temperaturaPista>
        <humedad>65%</humedad>
        <condiciones>Soleado</condiciones>
    </clima>
    
    <curiosidades>
        <curiosidad>Fernando Alonso consiguió su primer podio en Mónaco desde 2010</curiosidad>
        <curiosidad>Esteban Ocon logró su segundo podio en la Fórmula 1</curiosidad>
        <curiosidad>Red Bull Racing extendió su racha de victorias a 6 carreras</curiosidad>
        <curiosidad>Primera vez que Alpine y Aston Martin comparten podio</curiosidad>
    </curiosidades>
</granPremio>